CAS,Solvent,Indicator
110-54-3,Hexane,0.028205
141-78-6,Ethyl acetate,0.197827
75-05-8,Acetonitrile,0.285456
1330-20-7,Xylene,0.030411
108-88-3,Toluene,0.097163
64-17-5,Ethanol,0.476707
123-91-1,"1,4-Dioxane",0.074711
60-29-7,Diethyl ether,0.137126
107-06-2,"1,2-Dichloroethane",0.485426
67-66-3,Chloroform,0.527333
67-64-1,Acetone,0.214961
67-63-0,Isopropanol,0.032614
109-99-9,Tetrahydrofuran,0.728302
7732-18-5,Water,0.188035
